-- Вставка данных в таблицу Пользователь
INSERT INTO Пользователь (id, тип_пользователя, ФИО, пароль, емайл, телефон) VALUES
(1, 'Админ', 'Иванов Иван Иванович', 'ss11', 'ivanov@example.com', 123456789),
(2, 'Работник', 'Петров Петр Петрович', 'ss12', 'petrov@example.com', 987654321);

-- Вставка данных в таблицу Проект
INSERT INTO Проект (id, название, дата_начала, дата_конца, цена) VALUES
(1, 'Проект А', '2023-01-01', '2023-06-01', 10000),
(2, 'Проект Б', '2023-02-01', '2023-07-01', 20000);

-- Вставка данных в таблицу Площадь
INSERT INTO Площадь (id, координаты, площадь) VALUES
(1, 100, 500),
(2, 200, 600),
(3, 300, 700),
(4, 400, 800),
(5, 500, 900);

-- Вставка данных в таблицу Профиль
INSERT INTO Профиль (id, длина, высота, описание) VALUES
(1, 10, 20, 'Профиль 1'),
(2, 15, 25, 'Профиль 2'),
(3, 20, 30, 'Профиль 3'),
(4, 25, 35, 'Профиль 4'),
(5, 30, 40, 'Профиль 5'),
(6, 35, 45, 'Профиль 6'),
(7, 40, 50, 'Профиль 7'),
(8, 45, 55, 'Профиль 8'),
(9, 50, 60, 'Профиль 9'),
(10, 55, 65, 'Профиль 10');

-- Вставка данных в таблицу Пункты_наблюд
INSERT INTO Пункты_наблюд (id, x, y) VALUES
(1, 10, 20),
(2, 15, 25),
(3, 20, 30),
(4, 25, 35),
(5, 30, 40),
(6, 35, 45),
(7, 40, 50),
(8, 45, 55),
(9, 50, 60),
(10, 55, 65),
(11, 60, 70),
(12, 65, 75),
(13, 70, 80),
(14, 75, 85),
(15, 80, 90),
(16, 85, 95),
(17, 90, 100),
(18, 95, 105),
(19, 100, 110),
(20, 105, 115);

-- Вставка данных в таблицу Измерения
INSERT INTO Измерения (id, давление, описание, абсолютная_высота, расстояние) VALUES
(1, 100, 'Измерение 1', 1000, 50),
(2, 110, 'Измерение 2', 1010, 55),
(3, 120, 'Измерение 3', 1020, 60),
(4, 130, 'Измерение 4', 1030, 65),
(5, 140, 'Измерение 5', 1040, 70),
(6, 150, 'Измерение 6', 1050, 75),
(7, 160, 'Измерение 7', 1060, 80),
(8, 170, 'Измерение 8', 1070, 85),
(9, 180, 'Измерение 9', 1080, 90),
(10, 190, 'Измерение 10', 1090, 95),
(11, 200, 'Измерение 11', 1100, 100),
(12, 210, 'Измерение 12', 1110, 105),
(13, 220, 'Измерение 13', 1120, 110),
(14, 230, 'Измерение 14', 1130, 115),
(15, 240, 'Измерение 15', 1140, 120),
(16, 250, 'Измерение 16', 1150, 125),
(17, 260, 'Измерение 17', 1160, 130),
(18, 270, 'Измерение 18', 1170, 135),
(19, 280, 'Измерение 19', 1180, 140),
(20, 290, 'Измерение 20', 1190, 145),
(21, 300, 'Измерение 21', 1200, 150),
(22, 310, 'Измерение 22', 1210, 155),
(23, 320, 'Измерение 23', 1220, 160),
(24, 330, 'Измерение 24', 1230, 165),
(25, 340, 'Измерение 25', 1240, 170),
(26, 350, 'Измерение 26', 1250, 175),
(27, 360, 'Измерение 27', 1260, 180),
(28, 370, 'Измерение 28', 1270, 185),
(29, 380, 'Измерение 29', 1280, 190),
(30, 390, 'Измерение 30', 1290, 195);

-- Вставка данных в таблицу список_площадей
INSERT INTO список_площадей (id, id_проекта, id_площади) VALUES
(1, 1, 1),
(2, 1, 2),
(3, 1, 3),
(4, 2, 4),
(5, 2, 5);

-- Вставка данных в таблицу список_профилей
INSERT INTO список_профилей (id, id_площади, id_профиля) VALUES
(1, 1, 1),
(2, 1, 2),
(3, 1, 3),
(4, 1, 4),
(5, 1, 5),
(6, 2, 6),
(7, 2, 7),
(8, 2, 8),
(9, 2, 9),
(10, 2, 10);

-- Вставка данных в таблицу список_пунктов
INSERT INTO список_пунктов (id, id_профиля, id_пункта) VALUES
(1, 1, 1),
(2, 1, 2),
(3, 2, 3),
(4, 2, 4),
(5, 3, 5),
(6, 3, 6),
(7, 4, 7),
(8, 4, 8),
(9, 5, 9),
(10, 5, 10);

-- Вставка данных в таблицу список_измерений
INSERT INTO список_измерений (id, id_пункта, id_измерения) VALUES
(1, 1, 1),
(2, 1, 2),
(3, 1, 3),
(4, 1, 4),
(5, 1, 5),
(6, 2, 6),
(7, 2, 7),
(8, 2, 8),
(9, 2, 9),
(10, 2, 10),
(11, 3, 11),
(12, 3, 12),
(13, 3, 13),
(14, 3, 14),
(15, 3, 15),
(16, 4, 16),
(17, 4, 17),
(18, 4, 18),
(19, 4, 19),
(20, 4, 20),
(21, 5, 21),
(22, 5, 22),
(23, 5, 23),
(24, 5, 24),
(25, 5, 25),
(26, 6, 26),
(27, 6, 27),
(28, 6, 28),
(29, 6, 29),
(30, 6, 30);

-- Вставка данных в таблицу список_участников
INSERT INTO список_участников (id, id_проекта, id_пользователя) VALUES
(1, 1, 1),
(2, 1, 2),
(3, 2, 1),
(4, 2, 2);

-- Вставка данных в таблицу координаты_площади
INSERT INTO координаты_площади (id, id_площади, x, y) VALUES
(1, 1, 0, 0),
(2, 1, 0, 10),
(3, 1, 10, 10),
(4, 1, 10, 0),
(5, 2, 0, 0),
(6, 2, 0, 10),
(7, 2, 10, 10),
(8, 2, 10, 0),
(9, 3, 0, 0),
(10, 3, 0, 10),
(11, 3, 10, 10),
(12, 3, 10, 0),
(13, 4, 0, 0),
(14, 4, 0, 10),
(15, 4, 10, 10),
(16, 4, 10, 0),
(17, 5, 0, 0),
(18, 5, 0, 10),
(19, 5, 10, 10),
(20, 5, 10, 0);

-- Вставка данных в таблицу координаты_профиля
INSERT INTO координаты_профиля (id, id_площади, x, y) VALUES
(1, 1, 0, 0),
(2, 1, 10, 10),
(3, 1, 10, 0),
(4, 2, 0, 0),
(5, 2, 10, 10),
(6, 2, 10, 0),
(7, 3, 0, 0),
(8, 3, 10, 10),
(9, 3, 10, 0),
(10, 4, 0, 0),
(11, 4, 10, 10),
(12, 4, 10, 10),
(13, 5, 10, 0),
(14, 5, 10, 5),
(15, 5, 10, 10);
